trip_id,cycle_id,direction,start_time,end_time,distance_km,num_stops,is_peak,energy_kwh
1,0,0,1900-01-01 06:00:00.000000,1900-01-01 06:28:58.999725,12,24,False,17.41478863864502
2,0,1,1900-01-01 06:34:58.999725,1900-01-01 07:03:57.999450,12,24,False,18.106499231298194
3,1,0,1900-01-01 06:18:00.000000,1900-01-01 06:46:01.610790,12,24,False,18.22017691837165
4,1,1,1900-01-01 06:52:01.610790,1900-01-01 07:20:03.221580,12,24,False,17.567103182861402
5,2,0,1900-01-01 06:40:00.000000,1900-01-01 07:07:53.942518,12,24,False,18.54903230570841
6,2,1,1900-01-01 07:13:53.942518,1900-01-01 07:41:47.885036,12,24,False,18.543310445891596
7,3,0,1900-01-01 06:58:00.000000,1900-01-01 07:26:21.747563,12,24,False,18.528236318698262
8,3,1,1900-01-01 07:32:21.747563,1900-01-01 08:00:43.495126,12,24,False,17.821865766065407
9,4,0,1900-01-01 07:19:00.000000,1900-01-01 08:00:25.395857,12,24,True,17.465485219852294
10,4,1,1900-01-01 08:06:25.395857,1900-01-01 08:47:50.791714,12,24,True,18.15741575791638
11,5,0,1900-01-01 07:30:00.000000,1900-01-01 08:12:22.276553,12,24,True,17.765237607015763
12,5,1,1900-01-01 08:18:22.276553,1900-01-01 09:00:44.553106,12,24,True,17.446664189743878
13,6,0,1900-01-01 07:41:00.000000,1900-01-01 08:20:39.349459,12,24,True,18.20508252635249
14,6,1,1900-01-01 08:26:39.349459,1900-01-01 09:06:18.698918,12,24,True,17.39153118070842
15,7,0,1900-01-01 07:52:00.000000,1900-01-01 08:32:35.041402,12,24,True,17.494451623233722
16,7,1,1900-01-01 08:38:35.041402,1900-01-01 09:19:10.082804,12,24,True,17.67174382695928
17,8,0,1900-01-01 08:02:00.000000,1900-01-01 08:46:10.048174,12,24,True,17.69038280228178
18,8,1,1900-01-01 08:52:10.048174,1900-01-01 09:36:20.096348,12,24,True,17.381149265545236
19,9,0,1900-01-01 08:12:00.000000,1900-01-01 08:53:47.427575,12,24,True,18.0825418255393
20,9,1,1900-01-01 08:59:47.427575,1900-01-01 09:41:34.855150,12,24,True,17.838093270386718
21,10,0,1900-01-01 08:22:00.000000,1900-01-01 09:03:06.461992,12,24,True,17.62318326549414
22,10,1,1900-01-01 09:09:06.461992,1900-01-01 09:50:12.923984,12,24,True,18.02234096668263
23,11,0,1900-01-01 08:31:00.000000,1900-01-01 09:11:15.423145,12,24,True,17.77367052588848
24,11,1,1900-01-01 09:17:15.423145,1900-01-01 09:57:30.846290,12,24,True,17.89679655618608
25,12,0,1900-01-01 08:41:00.000000,1900-01-01 09:21:50.801781,12,24,True,17.727579466044922
26,12,1,1900-01-01 09:27:50.801781,1900-01-01 10:08:41.603562,12,24,True,17.796468383251604
27,13,0,1900-01-01 08:52:00.000000,1900-01-01 09:32:02.295060,12,24,True,17.52624984898173
28,13,1,1900-01-01 09:38:02.295060,1900-01-01 10:18:04.590120,12,24,True,17.45036692531473
29,14,0,1900-01-01 09:01:00.000000,1900-01-01 09:42:09.633038,12,24,True,17.734491852965395
30,14,1,1900-01-01 09:48:09.633038,1900-01-01 10:29:19.266076,12,24,True,18.113654007020262
31,15,0,1900-01-01 09:10:00.000000,1900-01-01 09:49:11.567250,12,24,True,17.403679082403052
32,15,1,1900-01-01 09:55:11.567250,1900-01-01 10:34:23.134500,12,24,True,18.06581417570789
33,16,0,1900-01-01 09:20:00.000000,1900-01-01 10:00:30.925646,12,24,True,17.88827976898997
34,16,1,1900-01-01 10:06:30.925646,1900-01-01 10:47:01.851292,12,24,True,17.48767966794032
35,17,0,1900-01-01 09:29:00.000000,1900-01-01 10:06:21.326386,12,24,True,18.23037959855406
36,17,1,1900-01-01 10:12:21.326386,1900-01-01 10:49:42.652772,12,24,True,17.980916105989408
37,18,0,1900-01-01 09:38:00.000000,1900-01-01 10:18:52.391052,12,24,True,17.809033968563448
38,18,1,1900-01-01 10:24:52.391052,1900-01-01 11:05:44.782104,12,24,True,18.390607334651335
39,19,0,1900-01-01 09:47:00.000000,1900-01-01 10:28:19.897361,12,24,True,17.435676682673908
40,19,1,1900-01-01 10:34:19.897361,1900-01-01 11:15:39.794722,12,24,True,17.96458095219358
41,20,0,1900-01-01 09:58:00.000000,1900-01-01 10:36:44.470423,12,24,True,17.455742104891872
42,20,1,1900-01-01 10:42:44.470423,1900-01-01 11:21:28.940846,12,24,True,17.725127934879353
43,21,0,1900-01-01 10:09:00.000000,1900-01-01 10:37:20.170886,12,24,False,17.872258201655193
44,21,1,1900-01-01 10:43:20.170886,1900-01-01 11:11:40.341772,12,24,False,17.853981221265137
45,22,0,1900-01-01 10:27:00.000000,1900-01-01 10:55:04.874319,12,24,False,17.647313962452504
46,22,1,1900-01-01 11:01:04.874319,1900-01-01 11:29:09.748638,12,24,False,17.535583168128113
47,23,0,1900-01-01 10:48:00.000000,1900-01-01 11:16:31.290692,12,24,False,18.003465068843887
48,23,1,1900-01-01 11:22:31.290692,1900-01-01 11:51:02.581384,12,24,False,17.876688259433255
49,24,0,1900-01-01 11:10:00.000000,1900-01-01 11:36:26.326024,12,24,False,18.437445901931593
50,24,1,1900-01-01 11:42:26.326024,1900-01-01 12:08:52.652048,12,24,False,17.70442603000857
51,25,0,1900-01-01 11:30:00.000000,1900-01-01 11:59:45.415765,12,24,False,17.46298984803346
52,25,1,1900-01-01 12:05:45.415765,1900-01-01 12:35:30.831530,12,24,False,17.450084148360833
53,26,0,1900-01-01 11:50:00.000000,1900-01-01 12:19:17.416070,12,24,False,18.525031704836945
54,26,1,1900-01-01 12:25:17.416070,1900-01-01 12:54:34.832140,12,24,False,17.454685013626285
55,27,0,1900-01-01 12:08:00.000000,1900-01-01 12:36:40.699294,12,24,False,17.373718551447784
56,27,1,1900-01-01 12:42:40.699294,1900-01-01 13:11:21.398588,12,24,False,18.162334026845187
57,28,0,1900-01-01 12:28:00.000000,1900-01-01 12:55:23.961344,12,24,False,17.379462162878994
58,28,1,1900-01-01 13:01:23.961344,1900-01-01 13:28:47.922688,12,24,False,18.170190514914385
59,29,0,1900-01-01 12:46:00.000000,1900-01-01 13:15:58.578737,12,24,False,17.80501817750483
60,29,1,1900-01-01 13:21:58.578737,1900-01-01 13:51:57.157474,12,24,False,17.94022636680466
61,30,0,1900-01-01 13:06:00.000000,1900-01-01 13:33:52.661182,12,24,False,18.027246518606404
62,30,1,1900-01-01 13:39:52.661182,1900-01-01 14:07:45.322364,12,24,False,17.74483376529489
63,31,0,1900-01-01 13:24:00.000000,1900-01-01 13:53:17.960320,12,24,False,19.200946716163273
64,31,1,1900-01-01 13:59:17.960320,1900-01-01 14:28:35.920640,12,24,False,18.155431683991182
65,32,0,1900-01-01 13:45:00.000000,1900-01-01 14:14:01.544017,12,24,False,17.796521932759234
66,32,1,1900-01-01 14:20:01.544017,1900-01-01 14:49:03.088034,12,24,False,17.553824131827707
67,33,0,1900-01-01 14:07:00.000000,1900-01-01 14:35:37.792087,12,24,False,17.399858357968235
68,33,1,1900-01-01 14:41:37.792087,1900-01-01 15:10:15.584174,12,24,False,17.910596918633118
69,34,0,1900-01-01 14:25:00.000000,1900-01-01 14:56:29.485276,12,24,False,17.38212480214875
70,34,1,1900-01-01 15:02:29.485276,1900-01-01 15:33:58.970552,12,24,False,18.526115313527075
71,35,0,1900-01-01 14:46:00.000000,1900-01-01 15:15:40.262059,12,24,False,17.8727041044039
72,35,1,1900-01-01 15:21:40.262059,1900-01-01 15:51:20.524118,12,24,False,18.182949655928507
73,36,0,1900-01-01 15:08:00.000000,1900-01-01 15:34:40.326318,12,24,False,18.067506929818958
74,36,1,1900-01-01 15:40:40.326318,1900-01-01 16:07:20.652636,12,24,False,17.588161101326534
75,37,0,1900-01-01 15:30:00.000000,1900-01-01 15:59:05.130329,12,24,False,17.666447826023205
76,37,1,1900-01-01 16:05:05.130329,1900-01-01 16:34:10.260658,12,24,False,19.03465241543022
77,38,0,1900-01-01 15:52:00.000000,1900-01-01 16:21:51.448318,12,24,False,17.38300166643642
78,38,1,1900-01-01 16:27:51.448318,1900-01-01 16:57:42.896636,12,24,False,17.37123957940551
79,39,0,1900-01-01 16:12:00.000000,1900-01-01 16:41:20.483104,12,24,False,17.47864881060503
80,39,1,1900-01-01 16:47:20.483104,1900-01-01 17:16:40.966208,12,24,False,17.728475013277492
81,40,0,1900-01-01 16:31:00.000000,1900-01-01 16:58:53.071018,12,24,False,17.573630297199966
82,40,1,1900-01-01 17:04:53.071018,1900-01-01 17:32:46.142036,12,24,False,17.727967205395768
83,41,0,1900-01-01 16:53:00.000000,1900-01-01 17:21:19.545069,12,24,False,18.530827343786076
84,41,1,1900-01-01 17:27:19.545069,1900-01-01 17:55:39.090138,12,24,False,17.566128845808066
85,42,0,1900-01-01 17:14:00.000000,1900-01-01 17:42:10.671183,12,24,False,17.394667474085416
86,42,1,1900-01-01 17:48:10.671183,1900-01-01 18:16:21.342366,12,24,False,17.49476377367873
87,43,0,1900-01-01 17:35:00.000000,1900-01-01 18:01:42.113321,12,24,False,17.6494439965766
88,43,1,1900-01-01 18:07:42.113321,1900-01-01 18:34:24.226642,12,24,False,17.729913613066962
89,44,0,1900-01-01 17:55:00.000000,1900-01-01 18:23:18.513734,12,24,False,17.85240224571233
90,44,1,1900-01-01 18:29:18.513734,1900-01-01 18:57:37.027468,12,24,False,18.755130536449013
91,45,0,1900-01-01 18:14:00.000000,1900-01-01 18:41:30.456175,12,24,False,17.52510059864204
92,45,1,1900-01-01 18:47:30.456175,1900-01-01 19:15:00.912350,12,24,False,18.02208746126097
93,46,0,1900-01-01 18:32:00.000000,1900-01-01 19:00:12.710266,12,24,False,17.56553620197882
94,46,1,1900-01-01 19:06:12.710266,1900-01-01 19:34:25.420532,12,24,False,17.745357118077504
95,47,0,1900-01-01 18:50:00.000000,1900-01-01 19:16:36.283655,12,24,False,18.01241010956061
96,47,1,1900-01-01 19:22:36.283655,1900-01-01 19:49:12.567310,12,24,False,18.14770811996097
97,48,0,1900-01-01 19:11:00.000000,1900-01-01 19:35:49.034156,12,24,False,17.814746693376918
98,48,1,1900-01-01 19:41:49.034156,1900-01-01 20:06:38.068312,12,24,False,17.97958950936841
99,49,0,1900-01-01 19:33:00.000000,1900-01-01 20:02:19.096615,12,24,False,18.07411335433735
100,49,1,1900-01-01 20:08:19.096615,1900-01-01 20:37:38.193230,12,24,False,17.634154010629555
101,50,0,1900-01-01 19:55:00.000000,1900-01-01 20:23:17.155694,12,24,False,18.431644193867893
102,50,1,1900-01-01 20:29:17.155694,1900-01-01 20:57:34.311388,12,24,False,17.764455612510222
103,51,0,1900-01-01 20:13:00.000000,1900-01-01 20:40:35.795046,12,24,False,18.379380541286498
104,51,1,1900-01-01 20:46:35.795046,1900-01-01 21:14:11.590092,12,24,False,17.758367986234703
105,52,0,1900-01-01 20:33:00.000000,1900-01-01 21:00:48.353552,12,24,False,18.225830079160737
106,52,1,1900-01-01 21:06:48.353552,1900-01-01 21:34:36.707104,12,24,False,18.07424896040897
107,53,0,1900-01-01 20:51:00.000000,1900-01-01 21:19:34.817447,12,24,False,17.661286980051333
108,53,1,1900-01-01 21:25:34.817447,1900-01-01 21:54:09.634894,12,24,False,17.463475356268454
109,54,0,1900-01-01 21:10:00.000000,1900-01-01 21:40:01.608616,12,24,False,17.776594692735824
110,54,1,1900-01-01 21:46:01.608616,1900-01-01 22:16:03.217232,12,24,False,17.405300338198614
111,55,0,1900-01-01 21:31:00.000000,1900-01-01 21:58:13.085598,12,24,False,17.60993488587925
112,55,1,1900-01-01 22:04:13.085598,1900-01-01 22:31:26.171196,12,24,False,18.498018181212267
113,56,0,1900-01-01 21:51:00.000000,1900-01-01 22:19:08.241058,12,24,False,17.769772428069153
114,56,1,1900-01-01 22:25:08.241058,1900-01-01 22:53:16.482116,12,24,False,17.912337109929766
